{"cameraMode":{"drawMode":0,"name":"Shaded","section":"Shading Mode"},"sceneLighting":false,"audioPlay":false,"sceneViewState":{"m_AlwaysRefresh":false,"showFog":true,"showSkybox":false,"showFlares":true,"showImageEffects":true,"showParticleSystems":true,"showVisualEffectGraphs":true,"m_FxEnabled":true},"in2DMode":false,"pivot":{"x":-0.10569357872009278,"y":0.03626728057861328,"z":0.0738978385925293},"rotation":{"x":-0.26958099007606509,"y":-0.2012282758951187,"z":0.05771804600954056,"w":-0.939944863319397},"size":3.570714235305786,"orthographic":false}